{
  "average": {
    "rouge1": {
      "precision": 0.1481578947368421,
      "recall": 0.13471177944862156,
      "fmeasure": 0.13808380600624368
    },
    "rouge2": {
      "precision": 0.06666666666666667,
      "recall": 0.06666666666666667,
      "fmeasure": 0.06666666666666667
    },
    "rougeL": {
      "precision": 0.14486842105263156,
      "recall": 0.13076441102756892,
      "fmeasure": 0.13457503407641913
    }
  },
  "max": {
    "rouge1": {
      "precision": 1.0,
      "recall": 1.0,
      "fmeasure": 1.0
    },
    "rouge2": {
      "precision": 1.0,
      "recall": 1.0,
      "fmeasure": 1.0
    },
    "rougeL": {
      "precision": 1.0,
      "recall": 1.0,
      "fmeasure": 1.0
    }
  },
  "median": {
    "rouge1": {
      "precision": 0.0,
      "recall": 0.0,
      "fmeasure": 0.0
    },
    "rouge2": {
      "precision": 0.0,
      "recall": 0.0,
      "fmeasure": 0.0
    },
    "rougeL": {
      "precision": 0.0,
      "recall": 0.0,
      "fmeasure": 0.0
    }
  }
}