{
  "average": {
    "rouge1": {
      "precision": 0.20257309941520463,
      "recall": 0.19967418546365912,
      "fmeasure": 0.19536340852130327
    },
    "rouge2": {
      "precision": 0.1201754385964912,
      "recall": 0.1071255060728745,
      "fmeasure": 0.10928571428571428
    },
    "rougeL": {
      "precision": 0.20257309941520463,
      "recall": 0.19967418546365912,
      "fmeasure": 0.19536340852130327
    }
  },
  "max": {
    "rouge1": {
      "precision": 1.0,
      "recall": 1.0,
      "fmeasure": 1.0
    },
    "rouge2": {
      "precision": 1.0,
      "recall": 1.0,
      "fmeasure": 1.0
    },
    "rougeL": {
      "precision": 1.0,
      "recall": 1.0,
      "fmeasure": 1.0
    }
  },
  "median": {
    "rouge1": {
      "precision": 0.0,
      "recall": 0.0,
      "fmeasure": 0.0
    },
    "rouge2": {
      "precision": 0.0,
      "recall": 0.0,
      "fmeasure": 0.0
    },
    "rougeL": {
      "precision": 0.0,
      "recall": 0.0,
      "fmeasure": 0.0
    }
  }
}