{
  "average": {
    "rouge1": {
      "precision": 0.1714452798663325,
      "recall": 0.17166666666666666,
      "fmeasure": 0.16310338784022993
    },
    "rouge2": {
      "precision": 0.08052631578947368,
      "recall": 0.07932330827067668,
      "fmeasure": 0.07315105946684894
    },
    "rougeL": {
      "precision": 0.1714452798663325,
      "recall": 0.17166666666666666,
      "fmeasure": 0.16310338784022993
    }
  },
  "max": {
    "rouge1": {
      "precision": 1.0,
      "recall": 1.0,
      "fmeasure": 1.0
    },
    "rouge2": {
      "precision": 1.0,
      "recall": 1.0,
      "fmeasure": 1.0
    },
    "rougeL": {
      "precision": 1.0,
      "recall": 1.0,
      "fmeasure": 1.0
    }
  },
  "median": {
    "rouge1": {
      "precision": 0.0,
      "recall": 0.0,
      "fmeasure": 0.0
    },
    "rouge2": {
      "precision": 0.0,
      "recall": 0.0,
      "fmeasure": 0.0
    },
    "rougeL": {
      "precision": 0.0,
      "recall": 0.0,
      "fmeasure": 0.0
    }
  }
}