{
  "average": {
    "rouge1": {
      "precision": 0.04236411736411736,
      "recall": 0.04343434343434343,
      "fmeasure": 0.041683222842643135
    },
    "rouge2": {
      "precision": 0.028956228956228958,
      "recall": 0.027272727272727275,
      "fmeasure": 0.027609427609427615
    },
    "rougeL": {
      "precision": 0.04236411736411736,
      "recall": 0.04343434343434343,
      "fmeasure": 0.041683222842643135
    }
  },
  "max": {
    "rouge1": {
      "precision": 1.0,
      "recall": 1.0,
      "fmeasure": 1.0
    },
    "rouge2": {
      "precision": 1.0,
      "recall": 1.0,
      "fmeasure": 1.0
    },
    "rougeL": {
      "precision": 1.0,
      "recall": 1.0,
      "fmeasure": 1.0
    }
  },
  "median": {
    "rouge1": {
      "precision": 0.0,
      "recall": 0.0,
      "fmeasure": 0.0
    },
    "rouge2": {
      "precision": 0.0,
      "recall": 0.0,
      "fmeasure": 0.0
    },
    "rougeL": {
      "precision": 0.0,
      "recall": 0.0,
      "fmeasure": 0.0
    }
  }
}