{
  "average": {
    "rouge1": {
      "precision": 0.024318947046219775,
      "recall": 0.02624595522322795,
      "fmeasure": 0.02457617106739914
    },
    "rouge2": {
      "precision": 0.017676767676767676,
      "recall": 0.020202020202020204,
      "fmeasure": 0.018518518518518517
    },
    "rougeL": {
      "precision": 0.024318947046219775,
      "recall": 0.02624595522322795,
      "fmeasure": 0.02457617106739914
    }
  },
  "max": {
    "rouge1": {
      "precision": 1.0,
      "recall": 1.0,
      "fmeasure": 1.0
    },
    "rouge2": {
      "precision": 1.0,
      "recall": 1.0,
      "fmeasure": 1.0
    },
    "rougeL": {
      "precision": 1.0,
      "recall": 1.0,
      "fmeasure": 1.0
    }
  },
  "median": {
    "rouge1": {
      "precision": 0.0,
      "recall": 0.0,
      "fmeasure": 0.0
    },
    "rouge2": {
      "precision": 0.0,
      "recall": 0.0,
      "fmeasure": 0.0
    },
    "rougeL": {
      "precision": 0.0,
      "recall": 0.0,
      "fmeasure": 0.0
    }
  }
}