{
  "average": {
    "rouge1": {
      "precision": 0.04419191919191919,
      "recall": 0.043209876543209874,
      "fmeasure": 0.041898485748753135
    },
    "rouge2": {
      "precision": 0.031746031746031744,
      "recall": 0.02861952861952862,
      "fmeasure": 0.02749719416386083
    },
    "rougeL": {
      "precision": 0.04419191919191919,
      "recall": 0.043209876543209874,
      "fmeasure": 0.041898485748753135
    }
  },
  "max": {
    "rouge1": {
      "precision": 1.0,
      "recall": 1.0,
      "fmeasure": 1.0
    },
    "rouge2": {
      "precision": 1.0,
      "recall": 1.0,
      "fmeasure": 1.0
    },
    "rougeL": {
      "precision": 1.0,
      "recall": 1.0,
      "fmeasure": 1.0
    }
  },
  "median": {
    "rouge1": {
      "precision": 0.0,
      "recall": 0.0,
      "fmeasure": 0.0
    },
    "rouge2": {
      "precision": 0.0,
      "recall": 0.0,
      "fmeasure": 0.0
    },
    "rougeL": {
      "precision": 0.0,
      "recall": 0.0,
      "fmeasure": 0.0
    }
  }
}