{
  "average": {
    "rouge1": {
      "precision": 0.05471380471380471,
      "recall": 0.05543530543530543,
      "fmeasure": 0.05421385572900725
    },
    "rouge2": {
      "precision": 0.030639730639730637,
      "recall": 0.0297979797979798,
      "fmeasure": 0.03015873015873016
    },
    "rougeL": {
      "precision": 0.05303030303030303,
      "recall": 0.05375180375180375,
      "fmeasure": 0.05253035404550556
    }
  },
  "max": {
    "rouge1": {
      "precision": 1.0,
      "recall": 1.0,
      "fmeasure": 1.0
    },
    "rouge2": {
      "precision": 1.0,
      "recall": 1.0,
      "fmeasure": 1.0
    },
    "rougeL": {
      "precision": 1.0,
      "recall": 1.0,
      "fmeasure": 1.0
    }
  },
  "median": {
    "rouge1": {
      "precision": 0.0,
      "recall": 0.0,
      "fmeasure": 0.0
    },
    "rouge2": {
      "precision": 0.0,
      "recall": 0.0,
      "fmeasure": 0.0
    },
    "rougeL": {
      "precision": 0.0,
      "recall": 0.0,
      "fmeasure": 0.0
    }
  }
}