{
  "average": {
    "rouge1": {
      "precision": 0.18257575757575756,
      "recall": 0.1696729196729197,
      "fmeasure": 0.17290870273326414
    },
    "rouge2": {
      "precision": 0.06397306397306397,
      "recall": 0.06397306397306397,
      "fmeasure": 0.06397306397306397
    },
    "rougeL": {
      "precision": 0.17941919191919192,
      "recall": 0.1658850408850409,
      "fmeasure": 0.16954169936626076
    }
  },
  "max": {
    "rouge1": {
      "precision": 1.0,
      "recall": 1.0,
      "fmeasure": 1.0
    },
    "rouge2": {
      "precision": 1.0,
      "recall": 1.0,
      "fmeasure": 1.0
    },
    "rougeL": {
      "precision": 1.0,
      "recall": 1.0,
      "fmeasure": 1.0
    }
  },
  "median": {
    "rouge1": {
      "precision": 0.0,
      "recall": 0.0,
      "fmeasure": 0.0
    },
    "rouge2": {
      "precision": 0.0,
      "recall": 0.0,
      "fmeasure": 0.0
    },
    "rougeL": {
      "precision": 0.0,
      "recall": 0.0,
      "fmeasure": 0.0
    }
  }
}