{
  "average": {
    "rouge1": {
      "precision": 0.23479236812570145,
      "recall": 0.232010582010582,
      "fmeasure": 0.22787397787397787
    },
    "rouge2": {
      "precision": 0.11531986531986534,
      "recall": 0.1027972027972028,
      "fmeasure": 0.10487012987012986
    },
    "rougeL": {
      "precision": 0.23479236812570145,
      "recall": 0.232010582010582,
      "fmeasure": 0.22787397787397787
    }
  },
  "max": {
    "rouge1": {
      "precision": 1.0,
      "recall": 1.0,
      "fmeasure": 1.0
    },
    "rouge2": {
      "precision": 1.0,
      "recall": 1.0,
      "fmeasure": 1.0
    },
    "rougeL": {
      "precision": 1.0,
      "recall": 1.0,
      "fmeasure": 1.0
    }
  },
  "median": {
    "rouge1": {
      "precision": 0.0,
      "recall": 0.0,
      "fmeasure": 0.0
    },
    "rouge2": {
      "precision": 0.0,
      "recall": 0.0,
      "fmeasure": 0.0
    },
    "rougeL": {
      "precision": 0.0,
      "recall": 0.0,
      "fmeasure": 0.0
    }
  }
}