{
  "average": {
    "rouge1": {
      "precision": 0.031785714285714285,
      "recall": 0.225,
      "fmeasure": 0.05555555555555556
    },
    "rouge2": {
      "precision": 0.0,
      "recall": 0.0,
      "fmeasure": 0.0
    },
    "rougeL": {
      "precision": 0.031785714285714285,
      "recall": 0.225,
      "fmeasure": 0.05555555555555556
    }
  },
  "max": {
    "rouge1": {
      "precision": 0.14285714285714285,
      "recall": 1.0,
      "fmeasure": 0.25
    },
    "rouge2": {
      "precision": 0.0,
      "recall": 0.0,
      "fmeasure": 0.0
    },
    "rougeL": {
      "precision": 0.14285714285714285,
      "recall": 1.0,
      "fmeasure": 0.25
    }
  },
  "median": {
    "rouge1": {
      "precision": 0.0,
      "recall": 0.0,
      "fmeasure": 0.0
    },
    "rouge2": {
      "precision": 0.0,
      "recall": 0.0,
      "fmeasure": 0.0
    },
    "rougeL": {
      "precision": 0.0,
      "recall": 0.0,
      "fmeasure": 0.0
    }
  }
}