{
  "average": {
    "rouge1": {
      "precision": 0.08413742690058479,
      "recall": 0.3833333333333333,
      "fmeasure": 0.11044685990338163
    },
    "rouge2": {
      "precision": 0.02625272331154684,
      "recall": 0.2125,
      "fmeasure": 0.03253968253968254
    },
    "rougeL": {
      "precision": 0.07887426900584796,
      "recall": 0.3583333333333333,
      "fmeasure": 0.10175120772946859
    }
  },
  "max": {
    "rouge1": {
      "precision": 0.42857142857142855,
      "recall": 1.0,
      "fmeasure": 0.375
    },
    "rouge2": {
      "precision": 0.16666666666666666,
      "recall": 1.0,
      "fmeasure": 0.14285714285714288
    },
    "rougeL": {
      "precision": 0.42857142857142855,
      "recall": 1.0,
      "fmeasure": 0.375
    }
  },
  "median": {
    "rouge1": {
      "precision": 0.03571428571428571,
      "recall": 0.16666666666666666,
      "fmeasure": 0.06666666666666667
    },
    "rouge2": {
      "precision": 0.0,
      "recall": 0.0,
      "fmeasure": 0.0
    },
    "rougeL": {
      "precision": 0.02631578947368421,
      "recall": 0.125,
      "fmeasure": 0.043478260869565216
    }
  }
}