{
  "average": {
    "rouge1": {
      "precision": 0.22169467787114847,
      "recall": 0.41666666666666663,
      "fmeasure": 0.2480964325529543
    },
    "rouge2": {
      "precision": 0.05083333333333333,
      "recall": 0.145,
      "fmeasure": 0.05119047619047619
    },
    "rougeL": {
      "precision": 0.22169467787114847,
      "recall": 0.41666666666666663,
      "fmeasure": 0.2480964325529543
    }
  },
  "max": {
    "rouge1": {
      "precision": 1.0,
      "recall": 1.0,
      "fmeasure": 1.0
    },
    "rouge2": {
      "precision": 0.3333333333333333,
      "recall": 1.0,
      "fmeasure": 0.25
    },
    "rougeL": {
      "precision": 1.0,
      "recall": 1.0,
      "fmeasure": 1.0
    }
  },
  "median": {
    "rouge1": {
      "precision": 0.08928571428571427,
      "recall": 0.29166666666666663,
      "fmeasure": 0.14945652173913043
    },
    "rouge2": {
      "precision": 0.0,
      "recall": 0.0,
      "fmeasure": 0.0
    },
    "rougeL": {
      "precision": 0.08928571428571427,
      "recall": 0.29166666666666663,
      "fmeasure": 0.14945652173913043
    }
  }
}