{
  "average": {
    "rouge1": {
      "precision": 0.10138888888888889,
      "recall": 0.3944444444444445,
      "fmeasure": 0.12818495514147688
    },
    "rouge2": {
      "precision": 0.05500000000000001,
      "recall": 0.1375,
      "fmeasure": 0.052380952380952375
    },
    "rougeL": {
      "precision": 0.09861111111111111,
      "recall": 0.36944444444444446,
      "fmeasure": 0.1231849551414769
    }
  },
  "max": {
    "rouge1": {
      "precision": 0.5714285714285714,
      "recall": 1.0,
      "fmeasure": 0.5
    },
    "rouge2": {
      "precision": 0.5,
      "recall": 1.0,
      "fmeasure": 0.42857142857142855
    },
    "rougeL": {
      "precision": 0.5714285714285714,
      "recall": 1.0,
      "fmeasure": 0.5
    }
  },
  "median": {
    "rouge1": {
      "precision": 0.027777777777777776,
      "recall": 0.2222222222222222,
      "fmeasure": 0.049999999999999996
    },
    "rouge2": {
      "precision": 0.0,
      "recall": 0.0,
      "fmeasure": 0.0
    },
    "rougeL": {
      "precision": 0.013888888888888888,
      "recall": 0.125,
      "fmeasure": 0.024999999999999998
    }
  }
}