{
  "average": {
    "rouge1": {
      "precision": 0.20787878787878786,
      "recall": 0.29444444444444445,
      "fmeasure": 0.22697335344394168
    },
    "rouge2": {
      "precision": 0.04285714285714286,
      "recall": 0.0375,
      "fmeasure": 0.039999999999999994
    },
    "rougeL": {
      "precision": 0.20787878787878786,
      "recall": 0.29444444444444445,
      "fmeasure": 0.22697335344394168
    }
  },
  "max": {
    "rouge1": {
      "precision": 1.0,
      "recall": 1.0,
      "fmeasure": 1.0
    },
    "rouge2": {
      "precision": 0.42857142857142855,
      "recall": 0.375,
      "fmeasure": 0.39999999999999997
    },
    "rougeL": {
      "precision": 1.0,
      "recall": 1.0,
      "fmeasure": 1.0
    }
  },
  "median": {
    "rouge1": {
      "precision": 0.022727272727272728,
      "recall": 0.125,
      "fmeasure": 0.038461538461538464
    },
    "rouge2": {
      "precision": 0.0,
      "recall": 0.0,
      "fmeasure": 0.0
    },
    "rougeL": {
      "precision": 0.022727272727272728,
      "recall": 0.125,
      "fmeasure": 0.038461538461538464
    }
  }
}