{
  "average": {
    "rouge1": {
      "precision": 0.0850865800865801,
      "recall": 0.4527777777777778,
      "fmeasure": 0.13923713325010662
    },
    "rouge2": {
      "precision": 0.036285283916862865,
      "recall": 0.31166666666666665,
      "fmeasure": 0.06165024630541871
    },
    "rougeL": {
      "precision": 0.0850865800865801,
      "recall": 0.4527777777777778,
      "fmeasure": 0.13923713325010662
    }
  },
  "max": {
    "rouge1": {
      "precision": 0.2,
      "recall": 1.0,
      "fmeasure": 0.33333333333333337
    },
    "rouge2": {
      "precision": 0.09523809523809523,
      "recall": 1.0,
      "fmeasure": 0.16666666666666669
    },
    "rougeL": {
      "precision": 0.2,
      "recall": 1.0,
      "fmeasure": 0.33333333333333337
    }
  },
  "median": {
    "rouge1": {
      "precision": 0.09761904761904762,
      "recall": 0.38888888888888884,
      "fmeasure": 0.16387959866220733
    },
    "rouge2": {
      "precision": 0.025,
      "recall": 0.1,
      "fmeasure": 0.041666666666666664
    },
    "rougeL": {
      "precision": 0.09761904761904762,
      "recall": 0.38888888888888884,
      "fmeasure": 0.16387959866220733
    }
  }
}