{
  "average": {
    "rouge1": {
      "precision": 0.13544630807788702,
      "recall": 0.3083333333333333,
      "fmeasure": 0.15822259136212624
    },
    "rouge2": {
      "precision": 0.007142857142857143,
      "recall": 0.02,
      "fmeasure": 0.010526315789473682
    },
    "rougeL": {
      "precision": 0.13544630807788702,
      "recall": 0.3083333333333333,
      "fmeasure": 0.15822259136212624
    }
  },
  "max": {
    "rouge1": {
      "precision": 1.0,
      "recall": 1.0,
      "fmeasure": 1.0
    },
    "rouge2": {
      "precision": 0.07142857142857142,
      "recall": 0.2,
      "fmeasure": 0.10526315789473682
    },
    "rougeL": {
      "precision": 1.0,
      "recall": 1.0,
      "fmeasure": 1.0
    }
  },
  "median": {
    "rouge1": {
      "precision": 0.01282051282051282,
      "recall": 0.125,
      "fmeasure": 0.02325581395348837
    },
    "rouge2": {
      "precision": 0.0,
      "recall": 0.0,
      "fmeasure": 0.0
    },
    "rougeL": {
      "precision": 0.01282051282051282,
      "recall": 0.125,
      "fmeasure": 0.02325581395348837
    }
  }
}