{
  "average": {
    "rouge1": {
      "precision": 0.07714285714285714,
      "recall": 0.06944444444444445,
      "fmeasure": 0.07222222222222222
    },
    "rouge2": {
      "precision": 0.05,
      "recall": 0.0375,
      "fmeasure": 0.04285714285714286
    },
    "rougeL": {
      "precision": 0.07714285714285714,
      "recall": 0.06944444444444445,
      "fmeasure": 0.07222222222222222
    }
  },
  "max": {
    "rouge1": {
      "precision": 0.5714285714285714,
      "recall": 0.4444444444444444,
      "fmeasure": 0.5
    },
    "rouge2": {
      "precision": 0.5,
      "recall": 0.375,
      "fmeasure": 0.42857142857142855
    },
    "rougeL": {
      "precision": 0.5714285714285714,
      "recall": 0.4444444444444444,
      "fmeasure": 0.5
    }
  },
  "median": {
    "rouge1": {
      "precision": 0.0,
      "recall": 0.0,
      "fmeasure": 0.0
    },
    "rouge2": {
      "precision": 0.0,
      "recall": 0.0,
      "fmeasure": 0.0
    },
    "rougeL": {
      "precision": 0.0,
      "recall": 0.0,
      "fmeasure": 0.0
    }
  }
}