{
    "6b8aa79c-3908-4f03-b85b-aa1a325d9fe6": {
        "rouge1": {
            "precision": 0.0,
            "recall": 0.0,
            "fmeasure": 0.0
        },
        "rouge2": {
            "precision": 0.0,
            "recall": 0.0,
            "fmeasure": 0.0
        },
        "rougeL": {
            "precision": 0.0,
            "recall": 0.0,
            "fmeasure": 0.0
        }
    },
    "1e7c6df7-abad-4e31-a949-06e9555f6c75": {
        "rouge1": {
            "precision": 0.0,
            "recall": 0.0,
            "fmeasure": 0.0
        },
        "rouge2": {
            "precision": 0.0,
            "recall": 0.0,
            "fmeasure": 0.0
        },
        "rougeL": {
            "precision": 0.0,
            "recall": 0.0,
            "fmeasure": 0.0
        }
    },
    "1e22dcc3-610a-4879-b8d8-80bcc505942c": {
        "rouge1": {
            "precision": 0.16666666666666666,
            "recall": 1.0,
            "fmeasure": 0.2857142857142857
        },
        "rouge2": {
            "precision": 0.0,
            "recall": 0.0,
            "fmeasure": 0.0
        },
        "rougeL": {
            "precision": 0.16666666666666666,
            "recall": 1.0,
            "fmeasure": 0.2857142857142857
        }
    },
    "8b67e7e0-266c-4743-8fb9-ec08b1ec0edd": {
        "rouge1": {
            "precision": 0.0,
            "recall": 0.0,
            "fmeasure": 0.0
        },
        "rouge2": {
            "precision": 0.0,
            "recall": 0.0,
            "fmeasure": 0.0
        },
        "rougeL": {
            "precision": 0.0,
            "recall": 0.0,
            "fmeasure": 0.0
        }
    },
    "a83e3a49-c1eb-4ea0-a18a-f1fa2a477d45": {
        "rouge1": {
            "precision": 0.5714285714285714,
            "recall": 0.4444444444444444,
            "fmeasure": 0.5
        },
        "rouge2": {
            "precision": 0.5,
            "recall": 0.375,
            "fmeasure": 0.42857142857142855
        },
        "rougeL": {
            "precision": 0.5714285714285714,
            "recall": 0.4444444444444444,
            "fmeasure": 0.5
        }
    },
    "20697a10-2089-45d5-83b2-62d6dbaa2f9d": {
        "rouge1": {
            "precision": 0.0,
            "recall": 0.0,
            "fmeasure": 0.0
        },
        "rouge2": {
            "precision": 0.0,
            "recall": 0.0,
            "fmeasure": 0.0
        },
        "rougeL": {
            "precision": 0.0,
            "recall": 0.0,
            "fmeasure": 0.0
        }
    },
    "f5fedae0-53b4-4d52-9681-fdbdb299fbdc": {
        "rouge1": {
            "precision": 0.05555555555555555,
            "recall": 0.5,
            "fmeasure": 0.09999999999999999
        },
        "rouge2": {
            "precision": 0.0,
            "recall": 0.0,
            "fmeasure": 0.0
        },
        "rougeL": {
            "precision": 0.027777777777777776,
            "recall": 0.25,
            "fmeasure": 0.049999999999999996
        }
    },
    "3e7caf11-d9b3-4a72-b12c-8f9c0a571d4d": {
        "rouge1": {
            "precision": 0.09523809523809523,
            "recall": 1.0,
            "fmeasure": 0.17391304347826084
        },
        "rouge2": {
            "precision": 0.05,
            "recall": 1.0,
            "fmeasure": 0.09523809523809523
        },
        "rougeL": {
            "precision": 0.09523809523809523,
            "recall": 1.0,
            "fmeasure": 0.17391304347826084
        }
    },
    "cd8d5919-bc44-4254-b441-417f1a9f939f": {
        "rouge1": {
            "precision": 0.0,
            "recall": 0.0,
            "fmeasure": 0.0
        },
        "rouge2": {
            "precision": 0.0,
            "recall": 0.0,
            "fmeasure": 0.0
        },
        "rougeL": {
            "precision": 0.0,
            "recall": 0.0,
            "fmeasure": 0.0
        }
    },
    "6a9f7d46-5cb5-4aed-a377-f60ca3765868": {
        "rouge1": {
            "precision": 0.125,
            "recall": 1.0,
            "fmeasure": 0.2222222222222222
        },
        "rouge2": {
            "precision": 0.0,
            "recall": 0.0,
            "fmeasure": 0.0
        },
        "rougeL": {
            "precision": 0.125,
            "recall": 1.0,
            "fmeasure": 0.2222222222222222
        }
    }
}