{
  "average": {
    "rouge1": {
      "precision": 0.23864838864838867,
      "recall": 0.237037037037037,
      "fmeasure": 0.22967623374321938
    },
    "rouge2": {
      "precision": 0.0763391490664218,
      "recall": 0.06571268237934903,
      "fmeasure": 0.06515151515151514
    },
    "rougeL": {
      "precision": 0.23864838864838867,
      "recall": 0.237037037037037,
      "fmeasure": 0.22967623374321938
    }
  },
  "max": {
    "rouge1": {
      "precision": 1.0,
      "recall": 1.0,
      "fmeasure": 1.0
    },
    "rouge2": {
      "precision": 1.0,
      "recall": 1.0,
      "fmeasure": 1.0
    },
    "rougeL": {
      "precision": 1.0,
      "recall": 1.0,
      "fmeasure": 1.0
    }
  },
  "median": {
    "rouge1": {
      "precision": 0.0,
      "recall": 0.0,
      "fmeasure": 0.0
    },
    "rouge2": {
      "precision": 0.0,
      "recall": 0.0,
      "fmeasure": 0.0
    },
    "rougeL": {
      "precision": 0.0,
      "recall": 0.0,
      "fmeasure": 0.0
    }
  }
}