{
  "average": {
    "rouge1": {
      "precision": 0.2267880828486889,
      "recall": 0.22603615520282186,
      "fmeasure": 0.22283408599198073
    },
    "rouge2": {
      "precision": 0.09259259259259259,
      "recall": 0.09797979797979797,
      "fmeasure": 0.0941077441077441
    },
    "rougeL": {
      "precision": 0.22426283032343636,
      "recall": 0.22491382074715408,
      "fmeasure": 0.22128008443797917
    }
  },
  "max": {
    "rouge1": {
      "precision": 1.0,
      "recall": 1.0,
      "fmeasure": 1.0
    },
    "rouge2": {
      "precision": 1.0,
      "recall": 1.0,
      "fmeasure": 1.0
    },
    "rougeL": {
      "precision": 1.0,
      "recall": 1.0,
      "fmeasure": 1.0
    }
  },
  "median": {
    "rouge1": {
      "precision": 0.0,
      "recall": 0.0,
      "fmeasure": 0.0
    },
    "rouge2": {
      "precision": 0.0,
      "recall": 0.0,
      "fmeasure": 0.0
    },
    "rougeL": {
      "precision": 0.0,
      "recall": 0.0,
      "fmeasure": 0.0
    }
  }
}